{"id": "asm_file_path", "scriptContent": "import os\nimport sys\npath = os.path.dirname(os.path.abspath(__file__))\n\ndef return_path():\n    return path\n\ndef get_path():\n    return_path = path + '/../../../AppViewX/Python/bin/python ' + path + \"/policy.py\"\n    return return_path\ndef get_policy_deletion_path():\n    return_path = path + '/../../../AppViewX/Python/bin/python ' + path + \"/asm_policy_deletion.py\"\n    return return_path\ndef get_policy_send_path():\n    return_path = path + '/../../../AppViewX/Python/bin/python ' + path + \"/create_and_send_policyxml.py\"\n    return return_path\ndef get_asm_policy_virtual_path():\n    return_path = path + '/../../../AppViewX/Python/bin/python ' + path + \"/asm_policy_associated_virtual_server.py\"\n    return return_path\ndef get_hash_code():\n    return_path = path + '/../../../AppViewX/Python/bin/python ' + path + \"/get_hash_code.py\"\n    return return_path\n", "scriptType": "Python", "name": "asm_file_path", "description": "New Helper"}