{"id": "config_ca_globalsign", "scriptContent": "PROD_URL = \"https://system.globalsign.com/kb/ws/v1/\"\nTEST_URL = \"https://test-gcc.globalsign.com/kb/ws/v1/\"\nSSL_WSDL = \"ServerSSLService?wsdl\"\nSERVICE_QUERY_WSDL = \"GASService?wsdl\"\nUSERNAME = \"PAR43544_appviewxinc\"\nPASSWORD = \"payoda@123\"\n\nAPPROVER_EMAIL = \"sa@appviewx.com\"\nFIRST_NAME = \"AppviewX\"\nLAST_NAME = \"AppviewX\"\nEMAIL = \"bakthavatchalam.g@appviewx.com\"\nPHONE = \"042223343434\"\n", "scriptType": "Python", "name": "config_ca_globalsign", "description": ""}