{"id": "connect_remote_device", "scriptContent": "\nimport sys\nsys.path.insert(0,AVX::DEPENDENCIES)\nfrom SSHLibrary import client\ndef connect_remote(IP,username,password):\n    try:\n        ssh = client.SSHClient(IP)\n        #ssh.login(username=username, password=password)\n        ssh.login_with_interactive_logic(username=username,password=password)\n        return ssh\n    except Exception, e:\n        print str(e)\n\n\n'''\nimport paramiko\ndef connect_remote(IP,username,password):\n    try:\n\n        ssh = paramiko.SSHClient()\n        ssh.set_missing_host_key_policy(paramiko.AutoAddPolicy())\n        ssh.connect(hostname=IP, username=username, password=password, allow_agent = False)\n        return ssh\n    except Exception, e:\n        print str(e)\n        \n'''        ", "scriptType": "Python", "name": "connect_remote_device", "description": ""}