{"id": "download_cert_globalsign", "scriptContent": "import sys\nsys.path.append('/home/appviewx/AppViewX/aps/dependencies')\nimport os\nimport json\nimport suds\nimport urlparse\nimport uuid\nimport time\nfrom config_ca_globalsign import *\n\n\n \nURL = TEST_URL\n\n\ntry:\n    cert_location = sys.argv[1]\n    cert_id = sys.argv[2]\nexcept Exception, e:\n    print str(e), sys.argv\n\nSQ = suds.client.Client(urlparse.urljoin(URL, SERVICE_QUERY_WSDL))\nAuthToken = SQ.factory.create('AuthToken')\nAuthToken.UserName = USERNAME\nAuthToken.Password = PASSWORD\n\nrequest = SQ.factory.create('QbV1GetOrderByOrderIdRequest')\nQueryRequestHeader = SQ.factory.create('QueryRequestHeader')\nrequest.QueryRequestHeader = QueryRequestHeader\nrequest.QueryRequestHeader.AuthToken = AuthToken\nrequest.OrderID = cert_id\norder_option = SQ.factory.create('OrderQueryOption')\norder_option.ReturnCertificateInfo = \"true\"\norder_option.ReturnFulfillment = \"true\"\nrequest.OrderQueryOption = order_option\n\nretry = 100\n\nwhile retry > 0: \n    retry = retry - 1\n    try:\n        response = SQ.service.GetOrderByOrderID(request)\n        if response and getattr(response, 'OrderDetail') and getattr(response.OrderDetail, 'Fulfillment'):\n            with open(eval(cert_location), 'w') as fp:\n                fp.write(str(response.OrderDetail.Fulfillment.ServerCertificate.X509Cert))\n                print 'AppResponseCode:0'\n        else:\n            time.sleep(30)\n            continue\n    except Exception, e:\n        print 'AppResponseCode:1:err:' + str(e)\n        \n                    ", "scriptType": "Python", "name": "download_cert_globalsign", "description": ""}