{"id": "Juniper_login_v1", "scriptContent": "'''\nCreated by Suruthi.GK!!\nCreated on 19/10/16\n\n'''\nimport os\nimport sys\npath = os.path.dirname(os.path.abspath(__file__))\n\n# import asm_file_path\n# reload(asm_file_path)\n# file_path = asm_file_path.get_path()\n# import ast\nsys.path.insert(0,'/home/appviewx/AppViewX/scripts/../properties/../aps/dependencies')\nsys.path.insert(0,'/home/appviewx/AppViewX/scripts/../properties/../aps/helper')\nimport pymongo\nimport appviewx\nimport commands\nimport paramiko\nreload(appviewx)\nimport Decrypt\nreload(Decrypt)\nimport time\ninputs = sys.argv\ndevice=inputs[1]\n\nconnect_db = appviewx.db_connection()\ndb = connect_db.appviewx\ndb_collection = db.device\n\ndef juniper_login(device):\n\tdev_ip = db_collection.find_one({\"name\":device})[\"ip\"]\n\tusername,password=Decrypt.getpassword(device)\n\tremote_conn_pre=paramiko.SSHClient()\n\t#remote_conn_pre\n\t#print remote_conn_pre\n\tremote_conn_pre.set_missing_host_key_policy(paramiko.AutoAddPolicy())\n\t#k=time.time()\n\tremote_conn_pre.connect(dev_ip,username=username,password=password,look_for_keys=False,allow_agent=False)\n\tremote_conn=remote_conn_pre.invoke_shell()\n\toutput=remote_conn.recv(1000)\n\t# print output\n\tremote_conn.send(\"cli \\n\")\n\t# time.sleep(10)\n\tremote_conn.send(\"edit \\n\")\n\t# time.sleep(10)\n\tremote_conn.send('run show security zones | match \"Security zone:\" \\n')\n\t# time.sleep(10)\n\ttime.sleep(15)\n\toutput=remote_conn.recv(5000)\n\treturn output\n\tremote_conn.send(\"exit\\n\")\n\tremote_conn.close()\n\nif __name__=='__main__':\n\toutput = juniper_login(device)\n\tprint output\n", "scriptType": "Python", "name": "Juniper_login_v1", "description": ""}