{"id": "new_asm_policy_creation", "scriptContent": "import json\nimport sys\nimport os\nimport requests\nimport commands\n\ndevice_ip  = sys.argv[1]\ndr_device_list = sys.argv[2]\nform_fields = json.loads(sys.argv[-1])\n\nimport appviewx\nreload(appviewx)\nimport Decrypt\nreload(Decrypt)\nimport connect_remote_device\nreload(connect_remote_device)\nusername, password = Decrypt.getpassword(dr_device_list)\n\nBASE_URL = 'https://{dev_ip}/mgmt/tm/asm/policies'.format(dev_ip = device_ip)\nencode_text = 'Basic ' + Decrypt.getencoded(dr_device_list)\npost_header = {'Authorization' : encode_text, 'Content-Type' : 'application/json'}\n\ndef get_hash_code():\n\t'''Get hash code for the created policy'''\n\tglobal hash_code\n\theaders = {'content-type': 'application/json'}\n\tresponse = requests.get('https://'+device_ip+'/mgmt/tm/asm/policies/', auth=(''+username+'', ''+password+''), headers=headers,verify=False)\n\tl = json.loads(response.content)\n\tls = { i['name']:i['id'] for i in l['items']}\n\thash_code = ls[form_fields['txt_policy_name']]\n\t# print hash_code\n\n\ndef add_geolocations():\n\t'''Adding Geolocations to the created Policy'''\n\tadd_geolocations_api = '{base_url}/{hash_code}/geolocation-enforcement'.format(base_url = BASE_URL , hash_code = hash_code)\n\tlocations = form_fields['dr_source_filter_disallowed_location'].split(',')\n\tgeolocation_json = {\"disallowedLocations\": locations}\n\tgeolocation_curl = 'curl -k1 -H \"Authorization:' + encode_text + '\"' + ' -H \"Content-Type:application/json\"'  + ' -X PATCH ' + add_geolocations_api + \" --data '\" + json.dumps(geolocation_json) +\"'\"\n\t# print geolocation_curl\n\tstatus , output = commands.getstatusoutput(geolocation_curl)\n\n\ndef add_virtual_server():\n\t'''Adding Virtual Server(s) to the created Policy'''\n\tadd_virtual_server_api = '{base_url}/{hash_code}'.format(base_url = BASE_URL , hash_code = hash_code)\n\tvirtual_servers = form_fields['dr_virtual_servers'].split(',')\n\tvirtual_server_json = {'virtualServers' : virtual_servers}\n\tvirtual_server_curl = 'curl -k1 -H \"Authorization:' + encode_text + '\"' + ' -H \"Content-Type:application/json\"'  + ' -X PATCH ' + add_virtual_server_api + \" --data '\" + json.dumps(virtual_server_json) +\"'\"\n\t# print virtual_server_curl\n\tstatus , output = commands.getstatusoutput(virtual_server_curl)\n\n\ndef add_vulnerability_tools():\n\t'''Adding Vulnerability Tools to the created Policy'''\n\tadd_vulnerability_tool_api = '{base_url}/{hash_code}'.format(base_url = BASE_URL , hash_code = hash_code)\n\tvulnerability_tools = {\"Generic Scanner\": \"generic\" , \"HP WebInspect\": \"hp-webinspect\" , \"IBM-Appscan\": \"ibm-appscan\" , \"Qualys\": \"qualys-guard\" , \"Trustwave App Scanner (Cenzic)\": \"cenzic-hailstorm\" , \"WhiteHat Sentinel\": \"whitehat-sentinel\"}\n\tfor key , val in vulnerability_tools.iteritems():\n\t\tif key == form_fields['dr_vulnerability_tool']:\n\t\t\tvulnerability_tool_json = {'scannerType' : val}\n\tvulnerability_tool_curl = 'curl -k1 -H \"Authorization:' + encode_text + '\"' + ' -H \"Content-Type:application/json\"'  + ' -X PATCH ' + add_vulnerability_tool_api + \" --data '\" + json.dumps(vulnerability_tool_json) +\"'\"\n\t# print vulnerability_tool_curl\n\tstatus , output = commands.getstatusoutput(vulnerability_tool_curl)\n\n\ndef add_web_scraping():\n\t'''Adding Web Scraping tp the created Policy'''\n\tadd_web_scraping_api = '{base_url}/{hash_code}/web-scraping'.format(base_url = BASE_URL , hash_code = hash_code)\n\tif form_fields['dr_bot_detection_alarm'] == 'Enabled':\n\t\tbot_detection_alarm = True\n\telse:\n\t\tbot_detection_alarm = False\n\tif form_fields['dr_bot_detection_alarm_block'] == 'Enabled':\n\t\tbot_detection_alarm_block = True\n\telse:\n\t\tbot_detection_alarm_block = False\n\tif form_fields['dr_anomaly_alarm'] == 'Enabled':\n\t\tanomaly_alarm = True\n\telse:\n\t\tanomaly_alarm = False\n\tif form_fields['dr_anomaly_alarm_block'] == 'Enabled':\n\t\tanomaly_alarm_block = True\n\telse:\n\t\tanomaly_alarm_block = False\n\tif form_fields['dr_fingerprinting'] == 'Enabled':\n\t\tfingerprinting = True\n\telse:\n\t\tfingerprinting = False\n\tweb_scraping_json = {'botDetectionAlarm' : bot_detection_alarm , 'botDetectionBlock' : bot_detection_alarm_block , 'sessionOpeningAnomalyAlarm' : anomaly_alarm , 'sessionOpeningAnomalyBlock' : anomaly_alarm_block , 'enableFingerprinting' : fingerprinting}\n\tweb_scraping_curl = 'curl -k1 -H \"Authorization:' + encode_text + '\"' + ' -H \"Content-Type:application/json\"'  + ' -X PATCH ' + add_web_scraping_api + \" --data '\" + json.dumps(web_scraping_json) +\"'\"\n\t# print web_scraping_curl\n\tstatus , output = commands.getstatusoutput(web_scraping_curl)\n\n\ndef add_signature_staging():\n\t'''Adding Signature Staging to the created Policy'''\n\tadd_signature_staging_api  = '{base_url}/{hash_code}'.format(base_url = BASE_URL , hash_code = hash_code)\n\tif form_fields['dr_additional_features'] == 'Yes':\n\t\tif form_fields['rb_signature_staging_option'] == 'Yes' and form_fields['txt_enforecement_readiness_period'] != '':\n\t\t\tsignature_staging_json = {'stagingSettings' : {'enforcementReadinessPeriod' : txt_enforecement_readiness_period , 'placeSignaturesInStaging' : False , 'signatureStaging' : True}}\n\t\telif form_fields['rb_signature_staging_option'] == 'Yes' and form_fields['txt_enforecement_readiness_period'] == '':\n\t\t\tsignature_staging_json = {'stagingSettings': { 'signatureStaging': False}}\n\t\telif form_fields['rb_signature_staging_option'] == 'Default' and form_fields['txt_enforecement_readiness_period'] != '':\n\t\t\tsignature_staging_json = {'stagingSettings': {'enforcementReadinessPeriod': form_fields['txt_enforecement_readiness_period']}}\n\t\tsignature_staging_curl = 'curl -k1 -H \"Authorization:' + encode_text + '\"' + ' -H \"Content-Type:application/json\"'  + ' -X PATCH ' + add_signature_staging_api + \" --data '\" + json.dumps(signature_staging_json) +\"'\"\n\t\t# print signature_staging_curl\n\t\tstatus , output = commands.getstatusoutput(signature_staging_curl)\n\n\t\t\t\t \ndef add_data_gaurd():\n\t'''Adding Data Gaurd to the created Policy'''\n\tadd_data_gaurd_api = '{base_url}/{hash_code}/data-guard'.format(base_url = BASE_URL , hash_code = hash_code)\n\tif form_fields['rb_credit_card_number_option'] == 'Yes':\n\t\tcredidt_card_option = True\n\telse:\n\t\tcredidt_card_option = False\n\tif form_fields['rb_social_security_number_option'] == 'Yes':\n\t\tsocial_security_option = True\n\telse:\n\t\tsocial_security_option = False\n\tif credidt_card_option == True and social_security_option == True:\n\t\tdata_gaurd_option = True\n\telse:\n\t\tdata_gaurd_option = False\n\tdata_gaurd_json = {\"usSocialSecurityNumbers\": social_security_option , \"creditCardNumbers\": credidt_card_option ,\"enabled\": data_gaurd_option}\n\tdata_gaurd_curl = 'curl -k1 -H \"Authorization:' + encode_text + '\"' + ' -H \"Content-Type:application/json\"'  + ' -X PATCH ' + add_data_gaurd_api + \" --data '\" + json.dumps(data_gaurd_json) +\"'\"\n\t# print data_gaurd_curl\n\tstatus , output = commands.getstatusoutput(data_gaurd_curl)\n\n\ndef add_brute_force():\n\t'''Adding Brute Force to yhr created Policy'''\n\tadd_brute_force_api = '{base_url}/{hash_code}/brute-force-attack-preventions'.format(base_url = BASE_URL , hash_code = hash_code)\n\tif form_fields['rb_brute_force_option'] == 'Yes':\n\t\tbrute_force_josn = {'bruteForceProtectionForAllLoginPages' : True}\n\telse:\n\t\tbrute_force_josn = {'bruteForceProtectionForAllLoginPages' : False}\n\tbrute_force_curl = 'curl -k1 -H \"Authorization:' + encode_text + '\"' + ' -H \"Content-Type:application/json\"'  + ' -X PATCH ' + add_brute_force_api + \" --data '\" + json.dumps(brute_force_josn) +\"'\"\n\t# print brute_force_curl\n\tstatus , output = commands.getstatusoutput(brute_force_curl)\n\n\ndef add_csrf():\n\t'''Adding CSRF to the created Policy'''\n\tadd_csrf_api = '{base_url}/{hash_code}/csrf-protection'.format(base_url = BASE_URL , hash_code = hash_code)\n\tif form_fields['rb_csrf_option'] == 'Yes':\n\t\tcsrf_json = {\"enabled\": True}\n\telse:\n\t\tcsrf_json = {\"enabled\": False}\n\tcsrf_curl = 'curl -k1 -H \"Authorization:' + encode_text + '\"' + ' -H \"Content-Type:application/json\"'  + ' -X PATCH ' + add_csrf_api + \" --data '\" + json.dumps(csrf_json) +\"'\"\n\t# print csrf_curl\n\tstatus , output = commands.getstatusoutput(csrf_curl)\n\n\ndef add_ip_intelligence():\n\t'''Adding IP Intelligence to the created Policy'''\n\tadd_ip_intelligence_api = '{base_url}/{hash_code}/ip-intelligence'.format(base_url = BASE_URL , hash_code = hash_code)\n\tif form_fields['rb_ip_option'] == 'Yes':\n\t\tip_intelligence_json = {'enabled' : True}\n\telse:\n\t\tip_intelligence_json = {'enabled' : False}\n\tip_intelligence_curl = 'curl -k1 -H \"Authorization:' + encode_text + '\"' + ' -H \"Content-Type:application/json\"'  + ' -X PATCH ' + add_ip_intelligence_api + \" --data '\" + json.dumps(ip_intelligence_json) +\"'\"\n\t# print ip_intelligence_curl\n\tstatus , output = commands.getstatusoutput(ip_intelligence_curl)\n\n\ndef add_redirection_intelligence():\n\t'''Adding Redirection Intelligence to the created Policy'''\n\tadd_redirection_intelligence_api = '{base_url}/{hash_code}/redirection-protection'.format(base_url = BASE_URL , hash_code = hash_code)\n\tif form_fields['rb_redirection_option'] == 'Yes':\n\t\tredirection_intelligence_json = {'redirectionProtectionEnabled' : True}\n\telse:\n\t\tredirection_intelligence_json = {'redirectionProtectionEnabled' : False}\n\tredirection_intelligence_curl = 'curl -k1 -H \"Authorization:' + encode_text + '\"' + ' -H \"Content-Type:application/json\"'  + ' -X PATCH ' + add_redirection_intelligence_api + \" --data '\" + json.dumps(redirection_intelligence_json) +\"'\"\n\t# print redirection_intelligence_curl\n\tstatus , output = commands.getstatusoutput(redirection_intelligence_curl)\n\n\ndef add_login_enforcement():\n\t'''Adding Login Enforcement to the created Policy'''\n\tadd_login_enforcement_api = '{base_url}/{hash_code}/login-enforcement'.format(base_url = BASE_URL , hash_code = hash_code)\n\tif form_fields['rb_login_option'] == 'Yes':\n\t\tlogin_enforcement_json = {'expirationTimePeriod' : '600' , 'authenticatedUrls' : [] , 'logoutUrls' : []}\n\t\tlogin_enforcement_curl = 'curl -k1 -H \"Authorization:' + encode_text + '\"' + ' -H \"Content-Type:application/json\"'  + ' -X PATCH ' + add_login_enforcement_api + \" --data '\" + json.dumps(login_enforcement_json) +\"'\"\n\t\t# print login_enforcement_curl\n\t\tstatus , output = commands.getstatusoutput(login_enforcement_curl)\n\n\ndef add_session_awareness():\n\t'''Adding Session Awareness to thr created Policy'''\n\tadd_session_awareness_api = '{base_url}/{hash_code}/session-tracking'.format(base_url = BASE_URL , hash_code = hash_code)\n\tif form_fields['rb_session_option'] == 'Yes':\n\t\tsession_aswareness_json = {'sessionTrackingConfiguration' : {'enableSessionAwareness' : True}}\n\telse:\n\t\tsession_aswareness_json = {'sessionTrackingConfiguration' : {'enableSessionAwareness' : False}}\n\tsession_aswareness_curl = 'curl -k1 -H \"Authorization:' + encode_text + '\"' + ' -H \"Content-Type:application/json\"'  + ' -X PATCH ' + add_session_awareness_api + \" --data '\" + json.dumps(session_aswareness_json) +\"'\"\n\t# print session_aswareness_curl\n\tstatus , output = commands.getstatusoutput(session_aswareness_curl)\n\ndef save_policy_config():\n\t'''Saving the config of the Policy after performing all the changes'''\n\tsave_policy_url = 'https://{dev_ip}/mgmt/tm/asm/tasks/apply-policy'.format(dev_ip = device_ip)\n\tsaving_policy_json = {\"policyReference\": {\"link\":\"https://localhost/mgmt/tm/asm/policies/\" + hash_code}}\n\tsave_policy_url_curl = 'curl -k1 -H \"Authorization:' + encode_text + '\"' + ' -H \"Content-Type:application/json\"'  + ' -X POST ' + save_policy_url + \" --data '\" + json.dumps(saving_policy_json) +\"'\"\n\t# print save_policy_url_curl\n\tstatus , output = commands.getstatusoutput(save_policy_url_curl)\t\n\n\nif __name__ == '__main__' :\n\t'''main'''\n\tget_hash_code()\n\tadd_geolocations()\n\tadd_virtual_server()\n\tif form_fields['rb_vulnerability_tool_option'] == 'Yes':\n\t\tadd_vulnerability_tools()\n\tif form_fields['rb_web_scraping_option'] == 'Yes':\n\t\tadd_web_scraping()\n\tadd_signature_staging()\n\tadd_data_gaurd()\n\tadd_brute_force()\n\tadd_csrf()\n\tadd_ip_intelligence()\n\tadd_redirection_intelligence()\n\tadd_login_enforcement()\n\tadd_session_awareness()\n\tsave_policy_config()\n", "scriptType": "Python", "name": "new_asm_policy_creation", "description": ""}