{"id": "PaloAlto_zones", "scriptContent": "'''\nCreated by Suruthi.GK!!\nCreated on 19/10/16\n\n'''\nimport os\nimport sys\npath = os.path.dirname(os.path.abspath(__file__))\n\nsys.path.insert(0,'/home/appviewx/AppViewX/scripts/../properties/../aps/dependencies')\nsys.path.insert(0,'/home/appviewx/AppViewX/scripts/../properties/../aps/helper')\nimport pymongo\nimport appviewx\nimport commands\nimport paramiko\nreload(appviewx)\nimport Decrypt\nreload(Decrypt)\nimport time\ninputs = sys.argv\ndevice=inputs[1]\n\nconnect_db = appviewx.db_connection()\ndb = connect_db.appviewx\ndb_collection = db.device\n\ndef PA_login(device):\n\tdev_ip = db_collection.find_one({\"name\":device})[\"ip\"]\n\tusername,password=Decrypt.getpassword(device)\n\tremote_conn_pre=paramiko.SSHClient()\n\n\tremote_conn_pre.set_missing_host_key_policy(paramiko.AutoAddPolicy())\n\n\tremote_conn_pre.connect(dev_ip,username=username,password=password,look_for_keys=False,allow_agent=False)\n\tremote_conn=remote_conn_pre.invoke_shell()\n\toutput=remote_conn.recv(1000)\n\n\tremote_conn.send(\"configure \\n\")\n\n\tremote_conn.send(\"run set cli config-output-format set \\n\")\n\n\tremote_conn.send('show zone \\n')\n\n\ttime.sleep(3)\n\toutput=remote_conn.recv(5000)\n\treturn output\n\tremote_conn.send(\"exit\\n\")\n\tremote_conn.close()\n\nif __name__=='__main__':\n\toutput = PA_login(device)\n\tprint output\n", "scriptType": "Python", "name": "PaloAlto_zones", "description": "Zones in the policy"}