{"id": "renew_globalsign", "scriptContent": "import sys\nsys.path.append('/home/appviewx/AppViewX/aps/dependencies')\nimport os\nimport json\nimport suds\nimport urlparse\nimport uuid\nfrom config_ca_globalsign import *\nsys.path.insert(0, AVX::HELPER)\nsys.path.insert(0,AVX::DEPENDENCIES)\nimport requests\nimport pickle\nimport appviewx\nreload(appviewx)\n\n\nconnect_db = appviewx.db_connection()\nappviewx_db = connect_db.appviewx\n\nURL = TEST_URL\n\ntry:\n form_data = json.loads(''.join(sys.argv[1:-1]))\n #form_data = {'common_name': 'appviewx.com'}\n CSRDATA = sys.argv[-1].replace(\"'\",\"\")\n f=open(CSRDATA,'r')\n csr_data=f.read()\nexcept Exception, e:\n print str(e), sys.argv\n\n\ndef find_order_id():\n    \"\"\"Retrieve previous order id using serial number from the db\n    \"\"\"\n    certificate_collection = appviewx_db.certificates\n    order_collection = appviewx_db.certificateOrder\n    cert = certificate_collection.find_one({'serialNumber': form_data[\"common_name\"].split(';')[-1]}) or {}\n    if cert:\n        order = order_collection.find_one({'certificateId': str(cert['_id'])}) or {}\n        if order:\n           return order['orderId']\n    return ''\n\n\nSSL = suds.client.Client(urlparse.urljoin(URL, SSL_WSDL))\nAuthToken = SSL.factory.create('AuthToken')\nAuthToken.UserName = USERNAME\nAuthToken.Password = PASSWORD\n\nparent = SSL.factory.create('DVOrder')\nrequest = SSL.factory.create('QbV1DvOrderRequest')\nrequest.ApproverEmail = APPROVER_EMAIL\ncontact_info = SSL.factory.create('ContactInfoNative')\ncontact_info.FirstName = FIRST_NAME\ncontact_info.LastName = LAST_NAME\ncontact_info.Phone = PHONE\ncontact_info.Email = EMAIL\ndel contact_info.FirstNameNative\ndel contact_info.LastNameNative\ndel contact_info.OrganizationNameNative\ndel contact_info.OrganizationUnitNative\nrequest.ContactInfo = contact_info\nheader = SSL.factory.create('OrderRequestHeader')\nheader.AuthToken = AuthToken\nrequest.OrderRequestHeader = header\norder_request = SSL.factory.create('OrderRequestParameter')\norder_request.ProductCode = \"DV\"\norder_request.OrderKind = \"renewal\"\norder_request.Licenses = \"1\"\norder_request.ValidityPeriod = SSL.factory.create('ValidityPeriod')\norder_request.ValidityPeriod.Months = \"12\"\ndel order_request.ValidityPeriod.NotBefore\ndel order_request.ValidityPeriod.NotAfter\ndel order_request.TargetCERT\ndel order_request.SpecialInstructions\ndel order_request.Coupon\ndel order_request.Campaign\norder_request.CSR = csr_data\norder_request.RenewalTargetOrderID = find_order_id()\ndel order_request.BaseOption\ndel order_request.Options\nrequest.OrderRequestParameter = order_request\ndel request.SubID\ndel request.SecondContactInfo\ndel request.SANEntries\n\nSSL = suds.client.Client(urlparse.urljoin(URL, SSL_WSDL))\nGetApproverListRequest = SSL.factory.create('QbV1GetApproverListRequest')\nQueryRequestHeader = SSL.factory.create('QueryRequestHeader')\nSANEntries = SSL.factory.create('SANEntries')\nGetApproverListRequest.QueryRequestHeader = QueryRequestHeader\nGetApproverListRequest.QueryRequestHeader.AuthToken = AuthToken\nGetApproverListRequest.FQDN = form_data[\"common_name\"].split(';')[0]\nGetApproverListRequest.SANEntries = [SANEntries]\n\ntry:\n    approver_list = SSL.service.GetDVApproverList(GetApproverListRequest)\nexcept:\n    pass\ntry:\n    request.OrderID = approver_list.OrderID\n    response = SSL.service.DVOrder(request)\n    print 'AppResponseCode:0:orderId:' + response.OrderID\nexcept Exception, e:\n    print 'AppResponseCode:1:err:' + str(approver_list)", "scriptType": "Python", "name": "renew_globalsign", "description": ""}