{"id": "send_mail", "scriptContent": "import sys\nimport json\nimport csv\nimport os\nimport commands\nimport shutil\nimport smtplib\nimport datetime\nfrom os.path import basename\nfrom email.mime.application import MIMEApplication\nfrom email.mime.multipart import MIMEMultipart\nfrom email.mime.text import MIMEText\nfrom email.utils import COMMASPACE, formatdate\nimport mail_config\nreload (mail_config)\n\nserver = mail_config.SERVER\nport = mail_config.PORT\nsmtp_username = mail_config.SMTP_USERNAME\nsmtp_password = mail_config.SMTP_PASSWORD\nsend_from = mail_config.OUTGOING_MAIL_ID\n\ndef send_mail(send_to, subject, text, files):\n    try:\n        assert isinstance(send_to, list)\n    except AssertionError as e:\n        print e\n        \n\n    msg = MIMEMultipart()\n    msg['From'] = send_from \n    msg['To'] = COMMASPACE.join(send_to)\n    msg['Date'] = formatdate(localtime=True)\n    msg['Subject'] = subject\n    msg.attach(MIMEText(text))\n\n    for f in files or []:\n        with open(f, \"rb\") as fil:\n            part = MIMEApplication(fil.read(), Name = basename(f))\n            part['Content-Disposition'] = 'attachment; filename=\"%s\"' % basename(f)\n            msg.attach(part)\n\n    smtp = smtplib.SMTP(server,port)\n    smtp.ehlo()\n    #smtp.starttls()\n    smtp.ehlo()\n    smtp.login(smtp_username, smtp_password)\n    smtp.sendmail(send_from, send_to, msg.as_string())\n    smtp.close()\n", "scriptType": "Python", "name": "send_mail", "description": ""}