{"id": "thawte_download_script", "scriptContent": "import requests\nimport json\nimport sys\nimport time\nsys.path.insert(0, AVX::HELPER)\n\nfrom thawte_config import *\n\n# Get certificate location and order id from passed argument\ntry:\n    cert_location = sys.argv[1]\n    cert_id = sys.argv[2]\nexcept Exception, e:\n    print str(e), sys.argv\n\n# request data population \nrequest_pickup={\n   'brand':\"thawte\",\n   'userName':USERNAME,\n   'password':PASSWORD,   \n   'orderNumber':cert_id,\n   'format':\"x509\",\n   }\n\n# Picking up cert from server\nwhile True: \n    try:    \n        response = requests.post(CERT_PICKUP, data = request_pickup, headers=HEADER)\n        response_data = response.content          \n        start_index = response_data.index( '<statusMessage>') +len('<statusMessage>')\n        end_index = response_data.index( '</statusMessage>', start_index )\n        status_code = response_data[start_index:end_index]  \n        start_index_order_status = response_data.index( '<orderStatus>') +len('<orderStatus>')\n        end_index_order_status = response_data.index( '</orderStatus>', start_index )\n        order_status_status_code = response_data[start_index_order_status:end_index_order_status]        \n        if  status_code in \"success\" and order_status_status_code in \"Valid\":    \n            start = response_data.index( '<certificate>') +len('<certificate>')\n            end = response_data.index( '</certificate>', start )\n            cert_data = response_data[start:end] \n            with open(eval(cert_location), 'w') as fp:           \n                fp.write(cert_data)\n            print 'AppResponseCode:0:orderId:0'\n            break\n        else:\n            time.sleep(30)\n            continue\n    except Exception, e:\n        print 'AppResponseCode:1:err {0}'.format(str(e))", "scriptType": "Python", "name": "thawte_download_script", "description": "script to certificate from thawte"}