{"id": "thawte_upload_script", "scriptContent": "import subprocess, os, sys\nimport hashlib\nimport requests\nimport json\nimport pickle\nsys.path.insert(0, AVX::HELPER)\nfrom thawte_config import *\n\n# Global declaration\nMYDIR = os.path.abspath(os.path.dirname(__file__))\nOPENSSL = '/usr/bin/openssl'\nKEY_SIZE = 4096\nform_data = {}\n\n# process the run time argument\ntry:\n    form_file = '/home/appviewx/crs_information.txt'\n    with open(form_file, 'rb') as handle:\n        form_data = pickle.loads(handle.read())\nexcept Exception, e:\n    print \"Upload Script Parse Error\", str(e), sys.argv\n\nC = form_data[\"country\"][:2] if len(form_data[\"country\"])>2 else COUNTRY  \nO = form_data[\"organization\"] if form_data[\"organization\"] not in [' ','',None] else ORGANIZATION\n# Configure the CSR information\nCONFIG=\"/C={0}/ST={1}/L={2}/O={3}/OU={4}/CN={5}\".format(C, form_data[\"state\"], form_data[\"locality\"], O, form_data[\"organizationunit\"],form_data[\"common_name\"])\n\n\ndef openssl(*args):\n    \"\"\"\n    This method issue openssl in commandline\n    \"\"\"\n    cmdline = [OPENSSL] + list(args)\n    subprocess.check_call(cmdline)\n \ndef gencert(domain, rootdir=MYDIR, keysize=KEY_SIZE):\n    \"\"\"\n    This method generate CSR file\n    \"\"\"\n    def dfile(ext):\n        return os.path.join('domains', '%s.%s' % (domain, ext))\n    \n    os.chdir(rootdir)\n\n    if not os.path.exists('domains'):\n        os.mkdir('domains')\n        \n    # generate the CSR\n    openssl('req', '-batch', '-newkey', 'rsa:'+str(keysize), '-nodes', '-keyout', dfile('key'), '-out', dfile('csr'), '-subj', CONFIG)\n    \n    return dfile('csr')\n\ntry:\n    csr_file =gencert(form_data[\"common_name\"])\n    # Read CSR frm file\n    f=open(csr_file,'r')\n    csr_data=f.read()\n    f.close()\nexcept:\n    import traceback\n    print traceback.format_exc()\n\n# prepare enrollment data\ndata_enroll = {\n   'brand':\"thawte\",\n   'userName': USERNAME,\n   'password': PASSWORD,   \n   'certProductType':CERTTYPE,\n   'csr':csr_data,\n   'serverType':'Other',\n   'validityPeriod':VALIDITYPERIOD,\n   'signatureAlgorithm':SIGNATUREALGORITHM}\n\ntry:    \n    response = requests.post(ENROLL_URL, data = data_enroll, headers=HEADER)     \n    response_data = response.content\n    start = response_data.index( '<orderNumber>' ) + len( '<orderNumber>' )\n    end = response_data.index( '</orderNumber>', start )\n    cert_id = response_data[start:end]      \n    print 'AppResponseCode:0:orderId:{0}'.format(cert_id)\nexcept Exception, e:\n    print 'AppResponseCode:1:err {0}'.format(str(e))\n    print \"error\"\n    \n    \n", "scriptType": "Python", "name": "thawte_upload_script", "description": "thawte certificate enrollment script.\nScript will generate CSR and place an enrollment"}