{"id": "thawte_renew_script", "scriptContent": "import subprocess, os, sys\nimport hashlib\nimport json\nimport sys\nsys.path.insert(0, AVX::HELPER)\nsys.path.insert(0,AVX::DEPENDENCIES)\nimport requests\nimport pickle\nimport appviewx\nreload(appviewx)\nfrom thawte_config import *\n\n# Global declaration\nMYDIR = os.path.abspath(os.path.dirname(__file__))\nOPENSSL = '/usr/bin/openssl'\nKEY_SIZE = 4096\nform_data = {}\n\nconnect_db = appviewx.db_connection()\nappviewx_db = connect_db.appviewx\n\n# process the run time argument\ntry:\n    form_file = '/home/appviewx/crs_information.txt'\n    with open(form_file, 'rb') as handle:\n        form_data = pickle.loads(handle.read())\nexcept Exception, e:\n    print \"Renewal Script Parse Error\", str(e), sys.argv\n\nC = form_data[\"country\"][:2] if len(form_data[\"country\"])>2 else COUNTRY  \nO = form_data[\"organization\"] if form_data[\"organization\"] not in [' ','',None] else ORGANIZATION\nCN = form_data[\"common_name\"].split(\";\")\n# Configure the CSR information\nCONFIG=\"/C={0}/ST={1}/L={2}/O={3}/OU={4}/CN={5}\".format(C, form_data[\"state\"].strip(), form_data[\"locality\"].strip(), O.strip(), form_data[\"organizationunit\"],CN[0])\n#print \"CONFIG\",CONFIG\n\ndef openssl(*args):\n    \"\"\"\n    This method issue openssl in commandline\n    \"\"\"\n    cmdline = [OPENSSL] + list(args)\n    subprocess.check_call(cmdline)\n \ndef gencert(domain, rootdir=MYDIR, keysize=KEY_SIZE):\n    \"\"\"\n    This method generate CSR file\n    \"\"\"\n    def dfile(ext):\n        return os.path.join('domains', '%s.%s' % (domain, ext))\n    \n    os.chdir(rootdir)\n\n    if not os.path.exists('domains'):\n        os.mkdir('domains')\n        \n    # generate the CSR\n    openssl('req', '-batch', '-newkey', 'rsa:'+str(keysize), '-nodes', '-keyout', dfile('key'), '-out', dfile('csr'), '-subj', CONFIG)\n    \n    return dfile('csr')\n\n\ndef find_order_id():\n    \"\"\"Retrieve previous order id using serial number from the db\n    \"\"\"\n    certificate_collection = appviewx_db.certificates\n    order_collection = appviewx_db.certificateOrder\n    cert = certificate_collection.find_one({'serialNumber': form_data[\"common_name\"].split(';')[-1]}) or {}\n    if cert:\n        order = order_collection.find_one({'certificateId': str(cert['_id'])}) or {}\n        if order:\n            return order['orderId']\n    return ''\n\ntry:\n    csr_file =gencert(form_data[\"common_name\"])\n    # Read CSR frm file\n    f=open(csr_file,'r')\n    csr_data=f.read()\n    f.close()\nexcept:\n    import traceback\n    print traceback.format_exc()\n\ntry:\n    previous_order_id = find_order_id()\n    if previous_order_id:        \n        # prepare renew request data\n        data_renew = {\n                      'brand':\"thawte\",\n                      'userName': USERNAME,\n                      'password': PASSWORD,   \n                      'orderNumber':previous_order_id,                       \n                      'csr':csr_data,\n                      'serverType':'Other',                   \n                      }\n        #previous_order_id\n        response = requests.post(RENEW_URL, data = data_renew, headers=HEADER)     \n        response_data = response.content\n        print \"response_data\",response_data\n        start_index = response_data.index( '<statusMessage>') +len('<statusMessage>')\n        end_index = response_data.index( '</statusMessage>', start_index )\n        status_code = response_data[start_index:end_index] \n        if  status_code in \"success\":\n            start = response_data.index( '<orderNumber>' ) + len( '<orderNumber>' )\n            end = response_data.index( '</orderNumber>', start )\n            cert_id = response_data[start:end]  \n            print 'AppResponseCode:0:orderId:{0}'.format(cert_id)\n        else:\n            print 'AppResponseCode:1'\n    else:\n        print 'AppResponseCode:1'\nexcept Exception, e:\n    print 'AppResponseCode:1:err {0}'.format(str(e))\n\n\n   \n\n\n", "scriptType": "Python", "name": "thawte_renew_script", "description": "script to renew the SSL certificate"}