{"id": "thawte_config", "scriptContent": "# URL used\nENROLL_URL = 'https://pilot-ssl-certificate-center-enterprise.thawte.com/service/api/certificateEnroll'\nCERT_PICKUP = 'https://pilot-ssl-certificate-center-enterprise.thawte.com/service/api/certificatePickup'\nRENEW_URL = 'https://pilot-ssl-certificate-center-enterprise.thawte.com/service/api/certificateRenew'\nHEADER = {'Content-Type': 'application/x-www-form-urlencoded'}\n\n# CSR related information\nCOUNTRY  = 'US'\nSTATE = 'Texas'\nLOCATION  = 'Plauno'\nORGANIZATION  = 'AppViewX, Inc.'\nORGANIZATIONALUNITNAME = 'Appviewx dev'\n\n# Credential detail \nUSERNAME = 'abhishek.s@appviewx.com'\nPASSWORD = 'appviewX@123'\n\n# Certificate Type\n# List of certificate ['WebServer','WebServerEV']\nCERTTYPE= 'WebServer'\n\n# Signature Algorithm\n\"\"\"\nsha1WithRSAEncryption\nsha256WithRSAEncryptionMixedChain\nsha256WithRSAEncryptionFullChain\nDSAwithSHA256\nECDSAwithSHA256\n\"\"\"\nSIGNATUREALGORITHM = \"sha256WithRSAEncryptionFullChain\"\n\n# Validity period\nVALIDITYPERIOD = 1\n\n", "scriptType": "Python", "name": "thawte_config", "description": "thawte config file"}