{"id": "UCS_load_F5", "scriptContent": "import sys\nimport paramiko\nimport pymongo\nimport appviewx\nimport re\nimport Decrypt\n\n\ndef get_device(device_name):\n    connect_db = appviewx.db_connection()\n    device = connect_db.appviewx.device.find_one({'name':re.compile(device_name, re.IGNORECASE)})\n    connect_db.close()\n    return device\n\ndef get_device_access(device):\n    access_dict= {'ip':device['ip'],'usr':device['access'][0]['userName'],'pwd':Decrypt.decyrpt(device['access'][0]['password'], device['access'][0]['key'])}\n    return access_dict\n\ndef load_UCS_bk(Device,device_name):\n    cred_dict=get_device_access(get_device(Device))\n    try:\n        transport = paramiko.Transport((cred_dict['ip'], 22))\n        # Auth\n        transport.connect(username = cred_dict['usr'], password = cred_dict['pwd'])\n        sftp = paramiko.SFTPClient.from_transport(transport)\n        # Download\n        file_name='backupfile%s'%device_name.split('.')[0]\n        filepath = '/var/tmp/'+file_name+'.ucs'\n        localpath = '/home/appviewx/'+file_name+'.ucs'\n        sftp.put(localpath,filepath)\n        # Close\n        sftp.close()\n        transport.close()\n    except Exception as e:\n        print e\nif __name__ == \"__main__\":\n    Device=sys.argv[1]\n    device_name=sys.argv[2]\n    load_UCS_bk(Device,device_name)\n\n", "scriptType": "Python", "name": "UCS_load_F5", "description": ""}