{"id": "UCS_backup", "scriptContent": "import sys\nimport paramiko\nimport pymongo\nimport appviewx\nimport re\nimport Decrypt\nsys.path.append('/home/appviewx/Appviewx/aps/helper')\n\ndef get_device(device_name):\n    connect_db = appviewx.db_connection()\n    device = connect_db.appviewx.device.find_one({'name':re.compile(device_name, re.IGNORECASE)})\n    connect_db.close()\n    return device\n\ndef get_device_access(device): \n    access_dict= {'ip':device['ip'],'usr':device['access'][0]['userName'],'pwd':Decrypt.decyrpt(device['access'][0]['password'], device['access'][0]['key'])}\n    return access_dict\n\ndef get_UCS_file(cred_dict,file_name):\n    client = paramiko.SSHClient()\n    client.set_missing_host_key_policy(paramiko.AutoAddPolicy())\n    client.connect(cred_dict['ip'], port=22, username=cred_dict['usr'], password=cred_dict['pwd'])\n    cmd='tmsh save /sys ucs /var/tmp/%s'%file_name\n    stdin,stdout,stderr=client.exec_command(cmd)\n    stdout.read()\n    client.close()\n   \ndef get_device_bk(Device,device_name):\n    try:\n        cred_dict=get_device_access(get_device(Device))\n        file_name='backupfile%s'%device_name.split('.')[0]\n        get_UCS_file(cred_dict,file_name)\n        transport = paramiko.Transport((cred_dict['ip'], 22))\n        # Auth\n        transport.connect(username = cred_dict['usr'], password = cred_dict['pwd'])        \n        sftp = paramiko.SFTPClient.from_transport(transport)\n        # Download\n        remotepath = '/var/tmp/'+file_name+'.ucs'\n        localpath = '/home/appviewx/'+file_name+'.ucs'\n        sftp.get(remotepath,localpath)\n        #Close\n        sftp.close()\n        transport.close()\n    except Exception as e:\n        pass\n            \n    \nif  __name__ == '__main__':\n    Device=sys.argv[1]\n    device_name=sys.argv[2]\n    get_device_bk(Device,device_name)\n  \n\n", "scriptType": "Python", "name": "UCS_backup", "description": ""}